age,gender,time_on_site,pages_viewed,device,purchase_amount,discount_used,click_rate,return_customer
63.0,Male,18.6856212739242,3,Mobile,289.2538855520292,Yes,35.87881443248436,1
43.0,Female,4.411306083318056,9,Desktop,224.36609059591788,No,177.62532133110582,0
35.0,Male,9.21757537213898,17,Mobile,254.5599934700556,Yes,42.64841112809003,0
41.5,Female,13.183255331629011,4,Desktop,66.94988406679897,No,34.546995144270184,1
41.5,Female,17.709026811580333,3,Mobile,170.06222460917937,Yes,56.095720195005846,0
59.0,Male,13.9234336101853,15,Mobile,292.98800076833214,No,48.74012501558697,0
45.0,Male,7.349641280924519,7,Mobile,167.35890006286385,Yes,47.675040524873125,0
51.0,Female,13.322453259691896,12,Mobile,21.82046866244794,Yes,165.85993886267943,0
55.0,Male,16.38928668722719,15,Desktop,280.71039333842657,Yes,135.236273115781,1
21.0,Female,12.459039216646325,16,Mobile,85.39823316626428,No,159.5396939560913,0
50.0,Male,15.715381326203444,2,Mobile,279.0283722633435,Yes,4.43374774806189,1
55.0,Male,8.800294164519093,12,Mobile,179.73493671745774,Yes,41.33722193957923,1
56.0,Female,4.883890644943543,7,Desktop,222.4497794320048,No,142.33786893698226,0
55.0,Male,20.08886820995748,12,Mobile,10.525714731246014,Yes,143.26223748585147,1
44.0,Male,19.645973478848465,1,Mobile,122.96656266481676,No,133.61051891810405,1
55.0,Male,9.03663875972239,2,Mobile,217.7410878533627,No,128.3828374073485,0
19.0,Female,3.592477022174865,11,Mobile,143.50171936407614,Yes,20.931281364398444,0
59.0,Male,12.576240605899631,6,Mobile,138.1445596931792,No,211.78109974433767,1
37.0,Female,5.786536923948604,12,Mobile,267.6926481331186,No,144.9432196347644,1
46.0,Female,6.996481401176792,17,Mobile,180.06559517641313,Yes,104.45166227292984,0
51.0,Female,5.666367636127833,17,Mobile,158.23682316352796,No,103.60083005003901,0
19.0,Male,9.508014125677915,4,Mobile,45.85810064308891,No,42.181001187877726,0
28.0,Female,8.02364908231759,6,Mobile,207.7947878229955,No,125.88253788682596,0
50.0,Male,10.446617357548885,17,Mobile,53.62334530918528,No,47.94888058854801,0
27.0,Male,6.2968563006069225,18,Desktop,118.02136222817796,No,81.64463799084075,1
23.0,Female,10.683787698243677,14,Desktop,78.04614205460469,No,141.84762793477304,1
64.0,Male,13.520483940775987,1,Desktop,161.17087314144723,No,18.98408291975082,0
33.0,Female,14.848922386434475,9,Desktop,22.464146251828247,Yes,85.5798851500102,0
29.0,Female,6.009788606313751,5,Mobile,109.5608838990398,Yes,15.414110325966844,1
22.0,Female,19.173241474096884,4,Mobile,127.8172744640092,Yes,81.58991214049249,1
59.0,Male,9.524799157021688,5,Mobile,274.60707580328403,No,160.33616527284008,1
18.0,Male,8.420358769451006,10,Desktop,216.46056350895864,No,167.20056033093044,1
31.0,Male,8.230641536541278,7,Desktop,70.30831413276142,Yes,117.36126367331092,1
30.0,Male,11.777130896030464,19,Mobile,293.9581033782069,No,101.15009023237327,1
37.0,Female,4.405954685200913,1,Mobile,272.38406853010054,No,102.0067049475404,1
32.0,Male,13.39650166952475,11,Mobile,145.98670710598557,Yes,46.39342745867426,0
24.0,Female,6.871268145821274,5,Mobile,58.61859321745045,No,134.00501662846696,1
55.0,Male,13.017984851595577,19,Mobile,36.966512223016814,Yes,142.75285772139264,1
27.0,Male,14.348187687900696,11,Mobile,40.401556502174856,Yes,153.83125052280684,0
60.0,Male,7.913522083016089,5,Mobile,251.16864784294063,No,121.65907299528926,1
19.0,Male,12.27877049035608,12,Desktop,241.5532156162488,Yes,159.84624962714017,0
53.0,Male,9.969945006488278,6,Mobile,190.52665660018133,No,162.81736421084582,1
63.0,Male,9.508014125677915,14,Desktop,266.2809925898173,No,73.74858792319299,0
30.0,Female,9.508014125677915,1,Desktop,136.4171535978757,Yes,135.90737522000668,1
57.0,Male,7.347896829413758,11,Mobile,27.28066150203384,No,143.56433022043962,1
36.0,Male,9.508014125677915,14,Mobile,102.24178973399516,No,111.6895358363667,1
59.0,Male,5.790882706812218,12,Mobile,290.2261490446876,No,76.04353274550098,1
58.0,Female,8.535654714318714,11,Mobile,192.74853147103212,Yes,166.69567047056051,1
54.0,Male,9.508014125677915,8,Mobile,238.7985916932016,Yes,98.11884374608636,0
25.0,Male,5.269592866604855,16,Mobile,173.66889999161617,Yes,95.56719004270238,1
56.0,Male,12.150437811707198,2,Mobile,102.9234753159066,Yes,58.13194000491924,0
33.0,Male,14.061363334615312,1,Mobile,22.892070362015737,Yes,235.99640961832748,1
30.0,Male,9.508014125677915,1,Mobile,10.384424366983012,Yes,84.2154881948368,0
23.0,Male,12.518133792445676,17,Mobile,196.0438490492849,Yes,128.2866177890864,0
38.0,Male,5.387048186514211,16,Desktop,198.0719560559814,Yes,144.9032138985534,1
38.0,Male,12.37655016843529,5,Mobile,28.96699607501736,No,40.26173024698951,1
62.0,Male,8.698073874213627,12,Mobile,55.00303141826676,Yes,171.98913416532167,0
38.0,Male,9.508014125677915,3,Mobile,133.09373683030168,Yes,159.15321055597929,0
50.0,Female,15.97455734858121,10,Desktop,25.740658673889488,No,175.44635857986032,0
63.0,Male,4.048842989775002,2,Mobile,236.69232659483563,No,123.63020814339986,1
41.5,Female,11.74007394822297,9,Desktop,76.426605750943,No,61.11163016526468,1
46.0,Male,1.462525451844714,5,Mobile,151.8115460891814,No,125.63005900167826,0
50.0,Female,10.339993057372205,12,Mobile,31.79798344962201,No,81.7553207192396,0
52.0,Male,19.614951189868123,13,Desktop,89.7447620243665,Yes,13.87505933084283,1
64.0,Female,0.8443492752219814,13,Mobile,92.06651425838164,Yes,86.33727452570223,1
40.0,Male,4.743527264440268,9,Mobile,229.25993928017525,Yes,119.05174644837102,0
41.0,Male,7.726666827325849,10,Mobile,107.59547208441116,No,98.22624242858431,0
32.0,Male,12.083879452399623,4,Desktop,277.0319130497447,No,149.6988783519619,0
63.0,Male,12.858203261743029,7,Mobile,186.23133240477844,Yes,74.52941010799734,1
34.0,Male,7.291571345008101,1,Desktop,279.4389968103135,Yes,125.0023170053191,1
44.0,Female,2.6303587212684443,2,Desktop,245.8049945315948,Yes,154.5404414568513,0
59.0,Male,9.508014125677915,10,Desktop,60.153214504254834,Yes,43.90870235064482,0
18.0,Female,9.375267678721643,17,Mobile,153.94334825457025,Yes,103.60083005003901,0
43.0,Male,8.185225973068945,2,Mobile,156.70091397263317,No,72.41906346955992,1
21.0,Female,9.508014125677915,18,Desktop,291.5470383610024,Yes,93.17284392666558,1
62.0,Female,2.0359218235098915,2,Mobile,225.0891373350256,Yes,68.35592868120202,0
58.0,Female,7.33340461691896,12,Mobile,278.42899784629435,No,103.60083005003901,0
34.0,Male,9.29384474231044,4,Desktop,142.82040270420015,Yes,105.08889784576408,1
28.0,Male,8.978567657348183,9,Mobile,188.4061374715218,Yes,8.382627828089369,1
62.0,Male,9.508014125677915,13,Mobile,71.72771771731365,Yes,76.9875653080783,0
64.0,Male,8.559851636556852,9,Mobile,194.9414568196057,No,101.15009023237327,1
57.0,Male,21.382652356980977,7,Mobile,34.607005165524924,Yes,15.509155961896738,1
18.0,Male,2.0943028392111662,9,Desktop,167.2268203922217,Yes,48.36607393839184,1
51.0,Female,15.422346505681013,5,Mobile,153.9418234176707,Yes,134.29089172057692,1
33.0,Female,3.104173254672938,5,Mobile,243.03118435534145,Yes,138.5608246550192,0
48.0,Female,9.02003372312886,10,Mobile,194.10211160561013,Yes,68.52266276039094,1
19.0,Male,9.508014125677915,15,Mobile,51.17620935122666,No,180.487106296232,1
37.0,Male,1.6198429827796268,18,Mobile,250.94095110997728,No,46.40940306981993,0
21.0,Female,10.015593722576108,3,Mobile,74.0615305941863,No,40.91862584170424,0
20.0,Female,7.220816211892297,10,Mobile,188.63522257223747,Yes,119.1104613346618,1
30.0,Female,9.508014125677915,10,Mobile,122.14743990150494,No,128.34490480425276,1
57.0,Female,4.593021600880682,4,Desktop,95.45664261454138,No,118.71539701614655,0
46.0,Male,13.553740257528409,18,Mobile,226.6381002281555,Yes,88.33223424038583,0
45.0,Female,8.59725208567882,1,Desktop,173.2143053438746,No,104.87603966237648,0
42.0,Male,8.056478438610847,2,Mobile,197.38231033412745,No,123.40084438899513,1
54.0,Female,3.999943641188654,16,Mobile,271.66740084086604,Yes,42.30751778128227,0
48.0,Female,14.776156757247112,17,Mobile,137.80629596512034,Yes,65.41743227243968,1
24.0,Female,9.91829464196168,18,Mobile,296.68744051481883,No,118.36143800969802,1
42.0,Female,10.512131522692014,15,Mobile,233.2073159298156,No,90.65123498867604,0
62.0,Male,6.439130630746599,12,Desktop,199.35766231118345,Yes,178.87562217207113,1
20.0,Female,10.817314805064866,7,Desktop,117.9888946534089,No,128.35410919278547,0
33.0,Female,6.0217594172696165,7,Mobile,290.8260750746419,Yes,194.71102756758967,1
57.0,Female,12.909467866414332,14,Mobile,120.46873981512236,Yes,141.95156646919014,1
59.0,Female,16.98296985649016,10,Mobile,177.89326566412504,Yes,108.48462683381636,1
56.0,Male,16.21195861383719,10,Mobile,165.01348054100973,No,159.57154834754692,0
56.0,Female,9.508014125677915,4,Mobile,264.7339494258275,No,92.08912025117708,0
43.0,Male,18.45237405370846,16,Mobile,34.17835229069515,Yes,67.98824295987086,1
48.0,Female,6.280903445780686,10,Mobile,65.07027139976945,No,96.9168596694637,0
41.5,Male,14.07195192373899,12,Mobile,23.871645892484057,No,141.71282223772258,0
28.0,Male,9.508014125677915,14,Mobile,294.0811868620596,Yes,116.93410545593342,0
49.0,Female,11.580427116794912,19,Mobile,279.4413598815992,Yes,242.79007383225755,1
33.0,Female,7.727328215837985,11,Mobile,35.533334619250994,Yes,80.94256610104652,1
27.0,Male,18.2926081567398,13,Mobile,29.684621204889183,No,118.78893930621727,1
41.5,Female,13.510820354361964,10,Mobile,291.87176716235825,Yes,1.870690995130204,1
41.0,Male,18.940150994046203,17,Mobile,203.3695878587563,Yes,34.7818811715736,0
61.0,Female,20.850809358602863,1,Mobile,14.280917601735316,Yes,103.60083005003901,0
61.0,Female,16.53565981898595,7,Mobile,81.12636207211577,Yes,119.62501048681152,0
33.0,Female,6.666514918235796,17,Mobile,216.3808629103744,No,96.58069247796456,0
34.0,Male,6.852432498235329,9,Desktop,113.22335694539068,Yes,93.39001554887152,1
30.0,Male,5.206008063530825,7,Mobile,71.27167010880848,Yes,170.62394566736413,1
43.0,Male,9.508014125677915,10,Mobile,59.55987590624014,No,88.76596336521104,1
27.0,Male,3.3954284479311188,15,Mobile,172.84052429308895,No,83.47210989202182,1
18.0,Male,14.301715765094976,6,Mobile,177.24221388340084,Yes,249.6997539774521,1
40.0,Male,10.57076015915304,12,Mobile,258.7382070043583,No,79.10627867266756,0
58.0,Male,6.448172428865147,7,Desktop,120.84609484317556,Yes,180.8367250152695,1
52.0,Male,6.364868049387626,6,Desktop,159.114528144881,No,53.33214057859031,0
23.0,Female,9.508014125677915,12,Desktop,271.72955562160524,Yes,112.65559490816004,1
45.0,Male,9.508014125677915,2,Desktop,56.42595714395158,Yes,58.82095194147685,1
21.0,Female,5.540772566455285,19,Desktop,52.85217100772253,No,124.54028421533602,0
21.0,Female,21.10752116565517,5,Mobile,97.532821861631,No,139.17210223480626,1
36.0,Female,4.457093693850592,13,Mobile,25.57832357365559,No,79.79648590316825,0
41.5,Male,8.463715819821667,15,Mobile,115.9840496110032,No,63.74843218142901,1
41.0,Female,16.904314996073204,5,Mobile,220.63461648903512,No,89.82154841584872,1
24.0,Male,12.389990356869802,1,Mobile,58.31566118350949,Yes,213.4546269334284,1
60.0,Female,21.382652356980977,12,Mobile,216.94596744471536,Yes,45.91613100185067,1
32.0,Female,12.729025377125256,18,Desktop,92.44557043694068,Yes,187.4990191161545,0
36.0,Male,6.402255177759948,1,Mobile,104.62232104865764,Yes,183.21585011080828,1
55.0,Male,13.758721918337,13,Mobile,68.54602194417046,Yes,102.87758388070044,1
41.5,Female,9.234880776777343,18,Desktop,265.6030617070121,Yes,6.879780451767175,0
30.0,Female,1.1317108644996523,2,Mobile,95.05176129691542,No,141.63115275709904,1
43.0,Male,11.212517040394282,6,Desktop,204.0971998303227,Yes,129.9455248756309,1
31.0,Male,4.872721226309558,4,Desktop,88.32007643021268,Yes,2.224189065465353,1
36.0,Male,12.8226736382503,8,Mobile,211.73739012230564,No,154.40183360805747,1
41.5,Female,16.96372012942721,12,Mobile,223.8061668409904,No,242.401589388381,1
47.0,Female,10.813749135967475,14,Mobile,80.31674467999633,No,53.377394731453805,0
27.0,Female,8.251082069660738,19,Desktop,220.85787648669947,No,87.89058620161504,0
43.0,Female,7.747003155309501,8,Desktop,105.72859191428404,No,103.42403430775455,1
51.0,Male,9.508014125677915,1,Mobile,144.41132125918807,Yes,110.81320163692872,0
41.0,Female,12.932145717897937,7,Mobile,10.365742656593104,No,60.07665648249716,1
53.0,Female,13.64401520345061,18,Desktop,265.93547636329674,Yes,120.0196105608537,0
27.0,Male,5.348699274546057,15,Desktop,263.9607610512203,Yes,45.47558137484469,1
22.0,Female,7.757485782047177,11,Desktop,101.34023995844238,Yes,17.51343010415154,1
33.0,Female,9.51911171627645,3,Mobile,42.59455809155661,No,131.68717649947413,1
19.0,Female,9.508014125677915,10,Mobile,163.37014454919245,Yes,64.4913950834807,1
44.0,Female,12.908808605152714,8,Mobile,125.40767191941455,No,104.88720898115628,0
41.0,Female,16.401345966823897,11,Mobile,254.8228300002165,No,78.54753381084731,1
25.0,Female,0.6916134492445778,3,Desktop,162.3438471112978,Yes,102.56136268684384,1
28.0,Male,5.787582577477551,6,Mobile,10.051373036755344,Yes,147.7339495276335,1
60.0,Male,11.155208377530034,19,Mobile,13.068379176520082,Yes,146.37885651441132,0
45.0,Female,3.482523731688884,15,Mobile,175.90035874546436,No,188.8571809679146,0
52.0,Female,20.462851396006386,7,Mobile,112.95446371366002,No,152.6423217568916,1
32.0,Male,16.597839738718235,16,Mobile,163.50162854752688,No,72.61203373581351,0
19.0,Female,8.900598201812695,12,Desktop,152.2436654742434,Yes,41.49255701226966,1
33.0,Male,2.330357956074442,18,Mobile,227.23430892684544,No,155.13785683028,1
31.0,Female,5.5535446685200505,15,Mobile,224.7961030450536,Yes,208.3174552042919,1
55.0,Male,4.970860426969611,14,Mobile,37.462171396879015,Yes,177.08363748328003,0
18.0,Female,11.3330502399222,7,Desktop,292.6208219957811,No,103.4828144217252,0
32.0,Male,9.81309017960346,12,Mobile,289.20457520962526,No,114.19177922309431,0
41.5,Male,21.076207271855345,15,Desktop,76.14772121164171,No,58.19332981019981,1
58.0,Male,6.694265944448935,15,Mobile,281.6844045740912,Yes,70.71622550257261,0
21.0,Female,9.508014125677915,9,Desktop,151.10534192996604,Yes,191.2420097837532,0
19.0,Male,6.7467523673582,14,Desktop,130.651950237255,No,92.98230945528884,0
39.0,Female,5.755213909426271,9,Mobile,286.70096284768454,Yes,140.18173373631996,0
28.0,Female,13.054520024205178,13,Desktop,119.17137121576172,Yes,180.3800090773218,1
47.0,Female,9.508014125677915,18,Mobile,205.52835481746973,Yes,138.46642679724195,1
45.0,Male,12.345826758191246,19,Mobile,61.54393879582524,No,106.69516078527482,1
36.0,Male,14.064873072622524,12,Desktop,74.12528987574517,No,84.57831820197144,1
37.0,Male,8.94133019562987,8,Mobile,137.91174465043315,Yes,105.9220339782214,0
33.0,Male,16.433289117720953,4,Desktop,133.58979676416425,Yes,103.60083005003901,1
46.0,Female,5.064739618852517,9,Mobile,221.60976085613288,No,114.5180152846859,1
55.0,Female,14.60509974003227,10,Mobile,136.7134004850588,Yes,40.080285387908056,1
36.0,Female,18.969451296531588,7,Desktop,36.929984664298345,Yes,148.0870842780947,1
57.0,Male,11.031156105863142,10,Mobile,110.16911299946275,Yes,117.13215887503895,1
48.0,Female,11.123033597694691,2,Desktop,295.7297877366092,No,139.14917158296203,0
28.0,Male,4.105728605066864,15,Mobile,20.388888710912862,No,142.21068105881795,1
49.0,Male,9.801259368578446,10,Mobile,194.1268048582524,Yes,1.5886040962790418,0
30.0,Female,9.26568636435502,18,Mobile,227.01590677753808,No,115.11293488753164,0
52.0,Male,14.408241023506095,10,Mobile,121.98733079210372,No,181.920201582952,1
38.0,Female,20.29191277426941,18,Mobile,249.6596109349154,No,47.71817479819816,0
39.0,Female,9.37443654244763,12,Mobile,283.1722364975227,Yes,115.92446294883192,0
26.0,Male,2.5651473493007684,15,Mobile,281.2794136025843,No,108.43309688593249,1
21.0,Male,13.582366769825164,3,Desktop,97.5511591813386,Yes,116.33790785269645,1
29.0,Female,8.531566073693366,6,Mobile,138.48802508581517,No,90.08617997382642,1
37.0,Male,6.993996262614498,16,Mobile,265.2571298004279,No,184.0875343901864,1
38.0,Female,2.0151373659464262,1,Mobile,45.08365913052268,Yes,171.68506018664485,1
32.0,Female,10.799198234259222,19,Mobile,93.2001912159408,No,103.71884567835284,1
47.0,Male,2.545952047472704,1,Desktop,293.49909715552064,No,96.81829996487993,0
61.0,Male,12.217947762873694,1,Mobile,245.8809991682282,Yes,103.60083005003901,0
41.5,Female,7.113423591283331,19,Mobile,182.35666517133376,No,223.9051099841719,1
41.5,Male,14.47295676405534,18,Desktop,70.0101736754414,Yes,103.60083005003901,0
58.0,Male,12.701841761231822,13,Mobile,136.01976223271777,Yes,91.014443762485,1
47.0,Male,17.631617284363266,9,Desktop,181.3714197415769,No,108.13339056222269,1
28.0,Male,10.169413810946244,7,Mobile,63.26850975062385,Yes,117.96276767869549,0
20.0,Male,10.382113012070157,11,Mobile,36.845991100912286,Yes,170.15744676884543,0
32.0,Male,9.508014125677915,15,Mobile,225.9119385815032,No,110.9639446509254,1
40.0,Male,11.95269010351585,3,Mobile,292.5589014476013,Yes,70.88290435049407,0
64.0,Male,8.44145061435012,8,Mobile,114.69868902857314,Yes,48.15874278309846,1
46.0,Female,14.722782353750064,4,Desktop,69.05108277898135,No,205.8931124659584,1
42.0,Female,20.78103952459295,14,Desktop,11.563343650047866,No,114.82523070683824,1
39.0,Female,7.717131246138985,16,Desktop,181.98357649744588,No,19.24852747044368,1
31.0,Male,4.714796498049909,15,Mobile,255.65617641680407,No,177.7776987546242,1
42.0,Male,14.85569504662527,16,Mobile,186.39156772143352,No,99.6279975994979,1
41.5,Female,8.94108036395279,11,Mobile,164.87326779384532,No,169.50090890431693,0
19.0,Female,10.189219550956985,16,Mobile,28.65538213354156,No,88.86558517440258,0
32.0,Female,13.160916664606068,8,Mobile,120.41074147885814,Yes,79.9327610444661,1
24.0,Female,15.292353751213364,3,Mobile,284.7058597450437,No,72.33633278483526,0
28.0,Male,14.958012478626957,12,Desktop,43.75109218327089,Yes,37.41491419960337,0
52.0,Female,10.682558904006934,5,Mobile,273.3116157953238,No,68.94759963563052,0
58.0,Female,17.63180052405503,17,Mobile,168.205742350697,No,110.51391797576728,0
48.0,Male,3.816399893532712,6,Mobile,193.4639794881224,No,43.16937492767144,1
21.0,Male,7.457941882792129,17,Desktop,46.580729110237975,Yes,151.2437922545789,1
43.0,Male,17.955046767557505,4,Mobile,260.63718976291204,No,103.60083005003901,0
38.0,Female,16.70662068258805,12,Mobile,148.4718989807555,No,136.52887954958197,1
30.0,Male,16.526845069175415,3,Desktop,126.76163621941544,Yes,155.3296730814297,0
39.0,Male,9.508014125677915,7,Desktop,31.713382112466977,No,73.59679220690646,0
25.0,Female,3.9185870184038665,7,Mobile,272.5184900989234,Yes,57.38135472262979,0
63.0,Male,9.424603191242396,17,Mobile,209.9848995807468,Yes,58.36419764640742,0
37.0,Male,3.5017656829843355,1,Mobile,146.88864226070623,Yes,95.59966330456916,0
56.0,Female,7.058312736360065,19,Mobile,16.597131180059307,No,118.55534048105608,0
48.0,Female,10.802106470467963,7,Desktop,35.23127256434941,Yes,30.990152643155568,0
28.0,Male,4.492739491141002,14,Mobile,248.9011733713428,Yes,183.71141502404583,1
40.0,Male,7.193440790863538,16,Mobile,61.15009563982238,Yes,24.32857464554442,1
41.5,Male,6.440830330349103,7,Desktop,213.4577027511677,Yes,120.02474627936628,0
21.0,Female,9.997861958726418,2,Mobile,282.58644619774384,Yes,189.4143729276745,1
43.0,Female,9.508014125677915,10,Mobile,184.76399659808223,No,176.5809171648085,1
18.0,Female,11.60557773986677,2,Desktop,25.54676570726425,No,130.20977739435162,1
61.0,Female,14.457895131313547,8,Desktop,64.69171090868673,Yes,56.43988798804871,0
54.0,Male,11.036302411458536,8,Desktop,256.4036540411288,No,170.02317416685787,1
61.0,Male,10.48396543053533,13,Desktop,113.4643059389257,No,138.31373090520526,0
62.0,Male,7.49347898529407,2,Mobile,245.47947758367573,No,205.00545488454063,1
42.0,Male,4.541058001285194,3,Mobile,262.76774892120835,No,111.3240557789255,0
53.0,Male,2.565337753718479,8,Mobile,280.8830254078111,Yes,151.11568165178534,1
42.0,Female,5.926334214903833,1,Mobile,141.24177420172003,Yes,78.16618286775297,1
64.0,Female,13.052042878546107,11,Mobile,145.58153627881308,No,81.46469100835495,1
39.0,Female,7.396188540061755,16,Mobile,240.95343329591384,Yes,88.95923433101524,1
30.0,Female,13.403659300819571,1,Mobile,103.38731516120497,Yes,151.96186167631456,1
26.0,Male,9.508014125677915,1,Mobile,182.79030547399552,Yes,132.880002708248,0
26.0,Male,4.696863904982379,5,Desktop,243.2403201620928,Yes,36.55701573608173,1
50.0,Male,9.508014125677915,9,Mobile,63.73053860633055,Yes,41.29982446564573,1
61.0,Female,9.106139378604496,13,Mobile,178.99691700423952,No,127.7901967039528,0
39.0,Male,15.148239080435388,1,Desktop,68.94840139861552,No,153.8914043956766,0
32.0,Female,8.970275162675163,11,Mobile,128.5881275155839,Yes,130.8504176526481,1
25.0,Male,17.07734412704268,6,Desktop,53.041590718177424,Yes,144.88668716828082,0
37.0,Female,2.392222953141234,15,Mobile,208.3096742730928,No,18.142496649406823,1
57.0,Female,9.694670407325464,18,Mobile,260.69675906051486,No,91.56944974089691,0
30.0,Female,9.508014125677915,17,Desktop,68.32477035454345,Yes,125.486414968485,0
52.0,Male,4.817697367312968,7,Desktop,191.49819864504303,No,134.49954680152092,1
31.0,Male,13.829176446468225,6,Mobile,218.89962317700244,Yes,178.7459416380931,1
49.0,Female,10.318443684734962,9,Mobile,14.561196719670216,Yes,107.42614789228868,0
39.0,Male,9.508014125677915,15,Desktop,47.83405571363382,No,83.75557457647193,1
54.0,Male,9.508014125677915,17,Mobile,206.38818856703625,No,86.93085501215671,1
48.0,Male,9.508014125677915,10,Mobile,66.04980898145175,No,91.31240135959906,1
50.0,Male,13.881438981620674,8,Desktop,279.2869422905483,No,76.00000829394358,1
46.0,Female,9.508014125677915,6,Mobile,214.95744967330083,No,103.60083005003901,1
44.0,Female,9.508014125677915,10,Desktop,115.5313730516066,Yes,77.75153275513532,0
32.0,Female,7.2506565051769,11,Mobile,268.1597853910981,No,60.46616163722796,1
23.0,Male,15.093281678854128,11,Mobile,215.7335916053404,No,160.96013283486192,1
49.0,Male,8.159812303635364,6,Desktop,44.46824039930789,Yes,43.05109553922088,1
32.0,Male,6.6962749134075015,14,Mobile,138.84420688744245,No,141.0147801988134,1
29.0,Female,9.508014125677915,10,Mobile,219.5232150159886,No,113.63449508094013,1
30.0,Male,16.869629994393797,6,Mobile,202.82633995524645,No,44.20860922618839,0
29.0,Female,13.507898751733787,8,Mobile,216.4986462705432,No,146.94943885226513,0
50.0,Female,21.382652356980977,12,Mobile,100.07553777486794,Yes,84.18633621889875,0
42.0,Male,5.041966193389778,17,Mobile,22.84705246201512,No,53.95680785371688,1
25.0,Female,7.458570484367656,10,Mobile,291.7306024260097,Yes,191.5037231602163,1
50.0,Female,10.621983284714007,4,Mobile,260.797157978898,No,156.13836885016275,1
21.0,Female,11.182702791346074,15,Desktop,113.22373241866936,No,159.42310506451912,0
41.5,Male,3.3153308269869344,17,Mobile,190.8257111408424,Yes,21.389996993069246,1
47.0,Male,5.685961468630111,15,Mobile,13.580531158878644,No,241.49005489913827,1
53.0,Female,5.692835325647771,4,Mobile,225.3663001167505,Yes,141.24883984525138,1
41.5,Male,3.036977879409209,7,Mobile,49.82356468276888,Yes,45.82658650043308,1
34.0,Female,16.041479196256464,11,Mobile,109.52084113227058,No,45.264737222471645,1
41.5,Male,9.550390638546952,11,Desktop,182.10199406907944,Yes,109.225620231345,0
39.0,Female,9.508014125677915,6,Desktop,223.26139160692185,Yes,50.90434944641317,0
64.0,Male,7.782057501112888,11,Desktop,193.48315699161105,No,91.41844696913134,0
32.0,Male,0.2991427881933006,8,Mobile,235.24879408888444,Yes,124.18889660691316,0
29.0,Female,7.222324173180429,8,Desktop,286.89085245854136,No,146.41869493651615,1
36.0,Male,9.508014125677915,6,Mobile,53.23662530102163,Yes,170.55683209449452,1
50.0,Male,12.201645758386196,8,Desktop,178.56185366998855,Yes,98.67844942136324,1
34.0,Male,12.5094954705142,6,Mobile,119.39432308687915,No,78.74342456250173,0
58.0,Female,7.349431694200774,15,Mobile,91.59137706519104,No,168.6087579942822,0
42.0,Female,14.174116699149618,4,Mobile,140.6528178863479,Yes,65.31345902936819,0
48.0,Female,1.5324185368755998,2,Mobile,192.01161168122903,Yes,122.2067652126178,0
18.0,Male,17.753634269044625,9,Desktop,145.51565173293753,No,168.25069714171707,1
45.0,Male,14.319088742137534,8,Mobile,19.336250359002666,Yes,35.5578806561378,1
64.0,Male,4.843257673743136,11,Mobile,42.16871438743983,No,200.1659246983216,1
21.0,Male,9.508014125677915,9,Desktop,250.8848012730421,Yes,92.57107038677508,1
55.0,Male,8.051518751555184,6,Desktop,233.5755758897085,No,249.6997539774521,1
41.5,Male,12.45914045392338,19,Mobile,50.99158028475663,Yes,103.60083005003901,0
42.0,Male,11.363715935291996,18,Mobile,139.13221013956698,No,225.70804325928543,1
51.0,Male,7.555231522417814,13,Mobile,34.44379380748528,No,98.2209657041734,1
32.0,Male,11.14556590844908,6,Mobile,172.26127325082317,Yes,175.469889795618,0
56.0,Male,9.150822498311332,15,Mobile,31.46118212930567,No,181.1341775998563,1
52.0,Female,11.064555337505665,10,Desktop,183.35553940599115,Yes,137.90880913228133,1
44.0,Male,20.07231359177117,1,Desktop,298.3289172888668,No,105.74218531319096,0
48.0,Male,11.932732510752396,7,Desktop,174.33236589013077,Yes,34.38994227701372,0
54.0,Female,13.47325668496594,5,Mobile,97.29912733971496,No,199.6212130074356,0
62.0,Female,21.382652356980977,8,Desktop,157.1610416442998,No,92.76000464181048,1
30.0,Male,1.6578639103269168,12,Mobile,169.35945463656094,Yes,62.21335537176204,0
41.5,Male,6.802008421092278,8,Mobile,282.56587520142745,No,86.20680531054893,1
25.0,Male,13.43408185964548,1,Mobile,64.3599579920818,No,146.7942523263506,1
55.0,Male,8.265054995966533,15,Desktop,210.2785319798048,Yes,97.52515157939384,0
48.0,Male,4.851769603217786,11,Mobile,204.08957320443827,Yes,111.39473562736944,1
28.0,Female,11.966030883014934,4,Mobile,19.375660215393523,Yes,32.32648371298798,0
41.5,Male,3.738780429699956,1,Mobile,43.64634763027436,No,91.9966266436293,0
41.5,Female,12.851016704390178,4,Desktop,56.479017137109736,Yes,154.9791555375442,1
47.0,Male,8.696834927796642,17,Desktop,205.8355350581796,No,109.19410258331048,0
53.0,Male,8.794930200051054,14,Mobile,212.6946426724366,No,67.93815061108569,0
59.0,Male,9.508014125677915,7,Mobile,208.36955888540564,No,18.127220114090377,0
41.0,Male,4.406761242390289,9,Mobile,98.1736142263033,Yes,145.0881598890908,0
26.0,Female,13.960727471806432,18,Mobile,77.27574619463645,No,111.3126411720453,1
23.0,Female,10.409943530251692,17,Desktop,199.1331726047608,Yes,36.26826671837159,0
33.0,Male,3.108238593775834,8,Desktop,187.7841849780891,Yes,65.17751457546547,0
37.0,Male,5.0041967203213815,16,Desktop,78.11369102616408,No,103.60083005003901,0
61.0,Male,8.395320613369416,4,Mobile,296.7919846859753,No,53.980487592656544,1
44.0,Male,0.6734050252663941,12,Mobile,143.1651332883474,Yes,125.57069486478372,0
25.0,Female,11.03981458933752,13,Desktop,150.27466538061742,Yes,102.71988941982406,1
30.0,Male,9.508014125677915,4,Mobile,234.2547141095152,Yes,48.73845246425192,0
53.0,Female,8.895239203247144,4,Mobile,246.43536141480047,No,26.444953953493567,0
22.0,Male,4.865632959379821,10,Desktop,99.9388620051198,Yes,126.99874279264498,0
33.0,Male,8.587484809351716,9,Mobile,28.472863148673305,No,10.541490783401116,0
35.0,Male,21.382652356980977,18,Desktop,84.3586263015142,No,45.16952929043639,0
58.0,Female,5.136444569765447,9,Desktop,10.708846100191137,Yes,5.81721317279704,0
52.0,Female,12.18783777211464,13,Desktop,178.45791640484916,No,154.1911034775015,1
62.0,Female,7.759048422386819,8,Mobile,33.935338264623425,Yes,102.75263314409509,0
32.0,Female,10.573589958024929,8,Desktop,213.7840582772107,No,146.59737745948797,1
19.0,Male,5.248820555724142,2,Mobile,28.01077607256533,Yes,104.90724635086252,1
63.0,Male,11.836968631557497,19,Mobile,287.561856751299,No,103.60083005003901,1
60.0,Male,8.982459057922796,9,Desktop,64.96236531781312,Yes,20.4115538914819,0
57.0,Female,13.73056522465776,9,Mobile,183.1525489060171,Yes,72.89387280964569,1
48.0,Female,5.36500783854381,11,Mobile,279.60466649468015,Yes,12.55434435025606,1
43.0,Female,6.107212221910955,14,Mobile,123.3282939503644,Yes,33.78427655823877,1
41.0,Male,15.966221724655515,6,Mobile,148.93107367433657,No,55.25076210715283,1
20.0,Female,6.19581101994921,10,Desktop,187.1134850217628,Yes,26.08451426079739,1
62.0,Female,9.508014125677915,2,Mobile,92.68313255031036,Yes,164.4160401011723,1
56.0,Female,12.593915075360128,16,Mobile,68.66311374370744,No,103.60083005003901,1
51.0,Male,5.154798689696876,12,Mobile,198.44964233480647,No,20.55932041086281,0
29.0,Female,9.297135040518713,7,Mobile,172.53604619012376,Yes,100.88141875713076,1
26.0,Female,14.060623928653818,14,Desktop,207.87234637944243,Yes,103.42506340570766,1
49.0,Male,16.668213441820516,8,Mobile,38.0136411679271,No,45.9591202713524,1
50.0,Male,18.947473070205422,15,Mobile,257.2785774897857,No,74.74556406699027,0
44.0,Female,19.018743261797603,9,Mobile,230.4508006082427,Yes,163.87519452408856,1
24.0,Female,10.723621110875694,11,Mobile,200.60896096368563,Yes,99.54184804424636,1
58.0,Male,13.460065719254974,9,Mobile,145.18279056552058,No,92.5925171041414,1
41.5,Female,8.462537246416385,19,Mobile,173.1105706798367,Yes,54.712191300700816,1
40.0,Male,9.850903450322829,9,Mobile,244.66307685177443,No,148.7171672032552,1
52.0,Male,9.508014125677915,4,Mobile,61.34951708252684,Yes,64.54348961483026,0
58.0,Male,5.477962961762888,17,Mobile,197.40549722116452,Yes,179.06419171433103,0
26.0,Female,9.508014125677915,14,Mobile,217.77237425602053,No,74.23707478427619,0
55.0,Male,9.508014125677915,15,Desktop,73.90356769284868,No,115.89230106935727,0
47.0,Male,17.99498994854064,8,Mobile,210.9462969234217,No,131.83588154360123,1
29.0,Male,3.243361275156076,18,Desktop,248.5213198256944,No,65.82444324887953,1
45.0,Female,3.811029415050268,14,Mobile,62.4509690603547,No,221.45390626339503,0
35.0,Male,12.02596548726448,3,Mobile,154.2163103673599,No,103.60083005003901,1
26.0,Male,9.508014125677915,3,Mobile,61.87550806318875,No,51.76420434027125,1
64.0,Female,14.63595843561028,14,Mobile,267.8802194500927,No,32.03458623378546,0
27.0,Male,4.566035249248664,6,Mobile,186.83839372937288,Yes,59.780200187357096,0
64.0,Female,19.08786184373733,6,Desktop,33.14974668710082,No,134.3438606813458,0
41.5,Female,15.551127728707511,10,Mobile,195.2597674287317,Yes,155.28279450508322,1
56.0,Male,4.941117540945315,19,Mobile,182.1839772089924,Yes,75.87622974100412,1
47.0,Male,10.298648421606078,18,Mobile,280.0401564302673,Yes,23.68139992604216,1
63.0,Male,9.058044346744335,18,Desktop,154.27542156073784,Yes,139.41202525436736,0
55.0,Female,9.367819828293118,16,Desktop,172.11292060322074,No,130.0465810985641,1
34.0,Male,7.748731066968716,10,Mobile,189.85892151772003,Yes,54.868650660743306,1
33.0,Female,2.131768107642245,12,Desktop,128.08169300080226,Yes,152.61520916348363,0
54.0,Female,9.508014125677915,19,Mobile,293.58749775776425,No,97.91737973401524,1
54.0,Male,7.488387238489379,10,Mobile,186.08917717758945,No,165.03827083041512,0
62.0,Female,4.540870972659289,6,Desktop,148.6849029279211,No,99.50214237115286,0
41.5,Female,11.621613645202054,8,Mobile,39.49059925142981,Yes,79.56174202247529,1
38.0,Male,14.168238794117352,17,Mobile,31.64169424312973,No,202.2441459978993,1
64.0,Male,10.849983501531328,17,Mobile,148.86225771536257,No,162.10797003449738,1
47.0,Male,9.300130415969528,16,Mobile,31.121670441782733,Yes,74.61897213569547,0
42.0,Male,7.087360194636287,18,Mobile,100.33624651251591,Yes,60.01203201018369,0
62.0,Male,8.726504556627075,2,Mobile,204.59761506343617,No,15.249001383237813,0
62.0,Male,8.818625404343347,10,Desktop,13.246941317809451,No,37.7189243085285,0
51.0,Female,14.242851846149176,18,Mobile,14.545381042352712,Yes,97.23515852638974,1
41.0,Male,13.22376102058661,10,Desktop,24.196796554122365,No,30.250148730710222,0
21.0,Male,3.5677861476200743,12,Mobile,183.4271054974537,Yes,130.25254264939628,1
41.5,Male,8.07057531848109,16,Desktop,125.29747164515052,No,150.9896093933407,1
61.0,Male,9.440725359193875,13,Desktop,31.06035280589341,Yes,155.5520974896074,1
28.0,Female,3.687865841290243,10,Mobile,13.896265759941135,Yes,121.21793263767373,1
41.5,Female,10.805704623934911,7,Mobile,227.06311847438005,No,61.10161440018987,1
19.0,Male,11.61880606105393,6,Mobile,108.74235924860272,No,45.465270402286336,0
20.0,Male,3.9212086764802967,19,Mobile,132.74064986301494,No,113.98474458110752,0
41.5,Male,8.246376722648142,8,Mobile,271.1056864342722,Yes,20.7455665920574,0
31.0,Male,8.858394633475081,19,Mobile,266.3112569713037,No,101.15009023237327,1
33.0,Male,7.540240547876039,10,Mobile,239.29837715981068,Yes,138.0755562884492,0
45.0,Female,9.148105974248944,10,Desktop,113.0588847885699,No,99.17175901339915,0
28.0,Male,6.071985981761163,8,Desktop,179.11742838350423,No,71.57708977844973,1
27.0,Male,17.292078664326965,13,Desktop,128.89377060731331,Yes,23.866385195326075,1
49.0,Female,9.508014125677915,11,Desktop,22.23510034426577,Yes,101.15009023237327,1
41.5,Female,4.833486805124929,10,Desktop,61.66780025476958,No,162.10103192439368,1
46.0,Female,11.840575925083558,16,Mobile,31.474981361271567,Yes,132.2262706886643,0
47.0,Male,3.0433457646830213,10,Desktop,247.9766759083488,Yes,79.33089571107959,1
22.0,Male,11.38777039230351,10,Desktop,202.001504016638,Yes,103.60083005003901,0
59.0,Female,9.255298699620562,19,Mobile,166.04375674025218,Yes,173.1618037510985,1
31.0,Female,9.508014125677915,2,Desktop,61.909218737367446,Yes,125.28558387417158,0
54.0,Male,15.885581895919634,6,Mobile,276.3762966694857,No,74.94536301813571,0
40.0,Male,9.508014125677915,7,Desktop,112.88456523310636,No,52.58767242131704,0
63.0,Female,6.074634423828654,7,Mobile,187.32029620263413,Yes,48.28295822847589,0
59.0,Male,9.508014125677915,13,Mobile,194.37659114233625,No,143.467085568512,1
58.0,Female,20.578766702197413,12,Mobile,151.36475408180968,Yes,166.00132393475897,0
45.0,Male,7.324441655534816,2,Desktop,46.12004773969792,No,105.02105577923388,1
40.0,Male,13.672291257337625,15,Mobile,263.8655187360673,No,105.13287303698152,1
47.0,Male,10.980308380683567,17,Desktop,238.2391939780809,Yes,112.42621870536072,0
35.0,Female,7.860885600773365,18,Mobile,78.56434203762588,No,115.02163307912224,1
30.0,Male,9.508014125677915,15,Desktop,186.4713154340238,Yes,168.5697511824911,0
19.0,Male,19.316053604827264,7,Mobile,47.226402194082524,Yes,86.41663204651593,0
52.0,Female,4.922402121135981,18,Mobile,239.54628863400183,Yes,47.11688213820954,0
53.0,Male,11.230036101318593,10,Desktop,35.787051113210296,No,126.71700294589483,1
35.0,Female,9.904279381424278,14,Desktop,239.51708780097368,No,118.821243726291,0
19.0,Male,19.9407652649737,17,Mobile,254.5972500416765,No,32.02019624367688,1
64.0,Female,9.700678951576174,6,Mobile,67.40360387818296,No,103.60083005003901,1
32.0,Male,18.161709605077608,10,Mobile,188.93822820785465,Yes,143.4592240566477,1
52.0,Female,8.292539032053154,3,Mobile,154.83420095426777,Yes,15.717261300059349,0
53.0,Female,18.67011158078857,6,Mobile,272.1991985265467,Yes,162.80097943861043,0
51.0,Male,11.136410011561075,2,Mobile,131.04123500194223,Yes,103.60083005003901,1
40.0,Male,10.46433689023087,8,Mobile,50.4497195976896,Yes,101.15009023237327,0
57.0,Male,1.555447172626776,16,Mobile,259.6197264227351,No,97.56340746170392,1
36.0,Female,9.508014125677915,5,Desktop,11.295949687510037,Yes,31.73332713136989,1
55.0,Female,4.987194774449769,11,Mobile,29.71974705944658,Yes,48.35013040612111,1
34.0,Male,10.319821164646092,12,Mobile,294.47276270766514,Yes,159.8458247339702,1
28.0,Male,6.043451794461001,10,Mobile,72.29466691334903,No,103.60083005003901,1
49.0,Female,11.611153257929567,10,Desktop,22.71098170192204,Yes,71.98673746202113,1
39.0,Male,15.837933368150178,13,Mobile,195.164432278405,No,129.4714009010066,1
47.0,Male,8.130732136513359,13,Mobile,273.00258088573224,No,99.31350238487263,0
56.0,Male,2.388663784879343,18,Desktop,222.05327794184345,Yes,163.11485701052857,0
41.5,Female,11.778273064751406,7,Mobile,242.52449719391336,No,192.9800869492147,1
41.5,Male,7.131746023806304,10,Mobile,232.01839561910583,No,21.46535109528133,0
54.0,Female,8.816945023823402,10,Mobile,48.40219362395477,No,59.92575043904053,0
28.0,Male,2.0026577808900834,7,Mobile,47.08698010067023,Yes,103.60083005003901,1
40.0,Female,17.311108074217195,1,Mobile,214.98291432332687,No,80.21021656463599,0
58.0,Male,14.085167034886842,6,Desktop,206.6042133565392,Yes,76.73236344200967,1
53.0,Male,12.546665643461356,3,Desktop,116.10580872279552,Yes,77.49220568899327,0
41.5,Male,3.7829168539210727,8,Mobile,41.52979205145255,Yes,73.37006342655569,1
43.0,Male,6.724678614812936,19,Mobile,72.57336143954366,No,54.68365251986622,1
29.0,Male,8.816327297336697,10,Mobile,84.88505349104317,Yes,156.0880553142646,0
41.5,Male,7.770893312057005,1,Mobile,180.9066143810213,Yes,41.38002196052612,1
32.0,Male,4.373795160980929,10,Desktop,171.64146338942177,Yes,54.96812068550147,1
54.0,Male,9.584980870372853,18,Mobile,107.73889110061896,Yes,74.90847353669834,0
36.0,Male,9.508014125677915,19,Mobile,125.95103234495588,No,98.69988085710013,0
18.0,Female,8.579819016372644,10,Desktop,173.80049286376868,No,155.4007797152412,1
32.0,Male,4.089746288882365,2,Mobile,210.74251187963085,No,94.2308438357682,1
52.0,Male,9.98017778780704,11,Desktop,64.17992997802435,Yes,108.26533029935035,0
39.0,Male,9.75319431713078,14,Mobile,26.53000690196017,Yes,41.781340534000414,0
19.0,Female,7.608063227041727,13,Desktop,277.8695940808953,Yes,50.84182719475094,1
58.0,Male,14.91199683953798,3,Desktop,163.16813640312293,Yes,35.806480645596835,1
32.0,Male,8.963222243280228,13,Desktop,213.0455714865257,No,139.93333509909075,0
64.0,Female,12.547015134830064,7,Mobile,56.817747180452166,No,85.34272084161314,1
61.0,Male,12.236998725362156,4,Desktop,15.222015364559786,No,138.1170070845672,0
57.0,Male,11.215073350554905,9,Mobile,237.18829532163195,Yes,113.19098990240698,1
18.0,Male,16.431315334351723,2,Desktop,87.86267892263612,Yes,2.273827493292913,0
46.0,Male,15.663988602828825,13,Mobile,120.09200366856626,No,97.0871587490106,0
43.0,Female,9.49691653507938,5,Mobile,208.4737602468808,Yes,62.06690141336391,1
47.0,Male,7.09901541313176,5,Mobile,121.65771151688394,Yes,3.766693341126128,1
41.5,Male,11.427479779987744,1,Mobile,299.3105949905143,No,158.80807621202462,1
25.0,Female,8.426587174516566,10,Mobile,223.8916120947176,Yes,154.74253515341744,0
32.0,Male,0.9089679101339208,4,Mobile,252.49185648437668,No,129.48020728342422,0
28.0,Male,9.508014125677915,10,Mobile,21.46968021644665,No,117.92616967837044,1
31.0,Female,19.84073085830671,1,Mobile,79.61488803997781,No,129.8944954360373,1
54.0,Female,11.062896007545527,7,Mobile,223.9463660703484,No,63.01946574879128,1
41.5,Male,19.49053665979727,11,Mobile,158.23682316352796,Yes,90.3619586654348,1
53.0,Female,16.447129195947557,17,Desktop,257.5476440045825,No,104.76793897034676,1
39.0,Male,8.384921024769211,10,Mobile,257.64484240402123,No,16.225119437850836,0
43.0,Male,9.508014125677915,3,Mobile,200.82054517034723,Yes,53.14110254305633,1
46.0,Male,1.427553464716221,13,Mobile,21.79607624756793,No,84.92247065334365,1
41.5,Male,5.582216695733807,9,Desktop,195.05515463833785,Yes,182.28651604115785,1
34.0,Male,9.581842899734044,6,Mobile,233.82905862333945,Yes,71.81275336592485,1
47.0,Female,10.626504922679244,7,Desktop,291.866316946903,No,113.87328295401956,1
19.0,Male,7.808078735798593,9,Mobile,65.33756690531017,Yes,77.416809743028,0
41.5,Male,9.508014125677915,17,Mobile,46.25172403338036,Yes,142.46172178387877,1
27.0,Female,11.088805597079505,10,Mobile,88.56837026619581,Yes,75.40196021530075,1
46.0,Female,0.8547153714292453,11,Mobile,84.86716212628804,Yes,126.5392573794064,1
56.0,Male,12.104096288754016,15,Desktop,226.739559928082,No,124.84993323700417,0
61.0,Male,1.2131017653242149,14,Mobile,272.1051896035339,No,72.40145411947584,1
47.0,Male,7.04899595573274,9,Mobile,262.6939225369357,No,50.377910336749416,1
20.0,Female,9.508014125677915,10,Mobile,93.4880583167128,No,116.78956817749145,1
40.0,Male,10.31479752506719,12,Desktop,99.50741826561432,Yes,87.82530028180776,1
22.0,Female,10.033034145809724,7,Mobile,286.8883717684466,No,96.91401522047477,1
42.0,Male,15.808611401782969,12,Mobile,219.0353669923604,No,103.60083005003901,1
44.0,Male,10.928083288619051,15,Desktop,223.1095513963104,Yes,103.07795382121196,0
41.5,Male,11.460264636388777,7,Mobile,240.91843712421505,Yes,150.9559465463127,1
34.0,Male,4.456774658876604,14,Mobile,177.33100865708005,No,121.07616328654636,0
36.0,Male,9.508014125677915,17,Mobile,245.48547382407733,No,38.15996622055107,0
55.0,Male,9.508014125677915,18,Desktop,27.0190906795323,Yes,103.60083005003901,0
25.0,Female,7.650246664254675,8,Mobile,263.56475491328104,No,201.7743211314668,0
35.0,Male,9.826504585414536,14,Mobile,83.41962549531854,Yes,95.44993589036704,0
45.0,Male,8.131280834939826,4,Desktop,238.4088892986692,No,138.43516569981662,0
24.0,Female,7.943850503532808,11,Mobile,244.14151855423844,Yes,147.04027192269388,1
41.0,Male,2.246221585163032,16,Mobile,285.0204532264512,Yes,184.92755937736985,1
59.0,Male,19.61497879293306,10,Mobile,40.608047370865066,No,11.109865381623962,1
50.0,Male,16.734485179440902,11,Desktop,103.68936021156956,Yes,103.18353464457968,1
37.0,Male,9.554660428439457,1,Mobile,13.175890689870265,No,143.2115641888572,1
23.0,Female,8.025774914641238,9,Mobile,98.3018022730582,Yes,94.93109982696492,1
22.0,Female,10.80973234000406,5,Desktop,97.40861550577492,No,119.80955523335513,0
59.0,Female,9.508014125677915,1,Mobile,218.2452959251395,Yes,59.19631384911859,1
47.0,Female,12.852219155425972,5,Desktop,15.425430970677825,Yes,170.21840815385372,1
62.0,Male,13.124820075095723,18,Mobile,145.48267089811242,Yes,249.6997539774521,0
39.0,Male,12.854014493366616,5,Mobile,76.33446781467806,Yes,100.21594351482268,0
41.5,Male,13.9265505983729,2,Mobile,282.7529083302974,Yes,92.91655472965594,0
53.0,Female,10.687218368784858,16,Desktop,190.2314841277816,No,147.52863189321027,1
56.0,Female,12.113149910338768,13,Mobile,100.02161369635444,No,125.03703203472206,0
58.0,Male,9.508014125677915,19,Mobile,257.4365773686752,No,140.54685139031312,1
49.0,Female,2.62520474650556,5,Mobile,261.97629188403573,No,44.12793849037426,1
25.0,Female,7.491657294866522,10,Mobile,218.96835230394947,Yes,116.65552219944804,1
40.0,Female,9.508014125677915,16,Mobile,226.98989075342087,Yes,95.65188247442556,0
57.0,Male,14.30370939959727,10,Mobile,23.693165271193568,No,140.71342257483803,0
41.5,Male,9.27725762909342,14,Desktop,263.2698841508017,No,120.09395666347646,1
54.0,Male,0.156711499620437,15,Mobile,123.74436895149395,Yes,23.23731045611767,1
47.0,Female,9.368978562857574,9,Mobile,281.5641548198016,No,126.13087928206464,0
56.0,Female,11.221058448018349,12,Desktop,38.22775312545374,No,188.6269243519427,0
42.0,Male,4.7924559186049285,3,Mobile,94.87108616939796,No,107.87080421578666,0
48.0,Male,6.001811276647144,10,Mobile,134.4748713618593,Yes,114.73502188156765,0
23.0,Female,18.63720053131211,10,Desktop,257.6807495618696,Yes,196.0248262351756,0
27.0,Male,11.54642428738486,10,Desktop,159.37354325160194,No,182.2964741094645,1
41.5,Male,15.085729047736788,5,Mobile,33.20166297237971,Yes,90.99537376452938,0
48.0,Male,16.68234887524625,10,Desktop,272.9769984263917,No,53.17943672460034,0
37.0,Female,11.562412311845334,13,Mobile,86.0516949805767,No,221.6492154832184,1
57.0,Female,3.853730513681168,8,Mobile,19.65785726591288,No,169.87665843749244,1
26.0,Male,1.1149048710155078,4,Mobile,78.04981399228875,No,103.60083005003901,1
41.0,Male,5.891440384117221,2,Mobile,40.89654587985388,No,69.54985030430467,0
36.0,Male,8.004067185929827,16,Mobile,39.69963961275758,No,107.16409217651102,1
40.0,Male,6.848609939294965,1,Desktop,108.8948788972154,No,206.2413790237315,1
24.0,Male,10.033314040573671,8,Desktop,177.47251853786142,No,115.6301060800242,0
62.0,Male,11.621904583292809,15,Desktop,47.12964537309906,Yes,103.60083005003901,1
59.0,Male,7.229695640084525,13,Mobile,37.68677352067837,No,131.37589570430885,1
34.0,Male,9.508014125677915,2,Mobile,227.7690507452416,Yes,156.99462488748486,0
49.0,Female,10.91333810463565,16,Mobile,47.31070503504195,Yes,103.60083005003901,1
44.0,Female,14.399393287673306,10,Mobile,32.91919648983703,No,223.0818069651008,1
50.0,Female,0.1457916172892268,7,Mobile,191.8109915140835,No,213.4432456900795,1
34.0,Female,10.292072279643037,3,Mobile,157.3591181821749,No,47.17174189533129,1
39.0,Male,11.627886093885888,16,Mobile,13.905513393359628,Yes,70.43562621571871,1
33.0,Female,17.291569088421234,17,Mobile,204.05262266697173,Yes,58.90251069963264,0
60.0,Female,8.326854822573962,7,Mobile,197.2918248137886,No,121.37313220394522,1
44.0,Male,7.1160850085336085,1,Mobile,56.20994658140537,Yes,54.01217505722644,1
51.0,Male,9.982290445870804,7,Mobile,45.80196045634166,No,20.7660062141788,1
44.0,Male,7.92626918019049,9,Mobile,105.8479699729188,No,103.60083005003901,0
60.0,Female,17.786692734112087,1,Mobile,152.3348938679475,Yes,97.6200122285766,0
39.0,Male,12.515866064354878,6,Mobile,67.45635162135743,No,147.05205939449206,0
20.0,Female,9.508014125677915,9,Desktop,260.4269501935905,Yes,69.64264664584086,0
37.0,Female,7.841424309858487,6,Mobile,45.91661029877523,No,47.45493385386293,0
40.0,Male,10.830144406166502,16,Mobile,290.1847823568562,Yes,81.290015379186,1
54.0,Female,21.382652356980977,17,Desktop,99.1941674650768,No,81.98326538799124,0
25.0,Male,9.508014125677915,6,Mobile,287.58291198320967,No,103.60083005003901,0
29.0,Female,10.6607720802281,11,Mobile,184.6281907453061,No,124.27548640914772,0
26.0,Male,8.727805199941642,2,Mobile,238.3945627713072,No,37.8123743857157,0
32.0,Female,5.504402415724475,4,Mobile,161.8878091345597,No,70.3202034246977,1
41.5,Male,5.610162475709864,10,Mobile,287.36907637346883,No,191.12055601501044,1
41.5,Female,11.375658394573088,13,Desktop,167.50656826751162,No,125.95480375814654,0
35.0,Male,5.231820274945293,11,Mobile,74.73032752967711,Yes,193.34482781150336,0
32.0,Male,9.27725762909342,14,Desktop,263.2698841508017,No,120.09395666347646,1
41.5,Female,14.457895131313547,8,Desktop,64.69171090868673,Yes,56.43988798804871,0
28.0,Male,21.076207271855345,15,Desktop,76.14772121164171,No,58.19332981019981,1
39.0,Male,3.738780429699956,1,Mobile,43.64634763027436,No,91.9966266436293,0
41.5,Male,5.787582577477551,6,Mobile,10.051373036755344,Yes,147.7339495276335,1
33.0,Female,15.551127728707511,10,Mobile,195.2597674287317,Yes,155.28279450508322,1
41.5,Female,19.018743261797603,9,Mobile,230.4508006082427,Yes,101.15009023237327,1
